"Pago contra reembolso","Cash on delivery"
"Otros: ver la descripción del artículo","Other: see item description"
"Transferencia bancaria","Bank transfer"
"PayPal","PayPal"
"Se aceptan transferencias bancarias","Bank transfers accepted"
"14 días","14 days"
"30 días","30 days"
"60 días","60 days"
"Devoluciones aceptadas","Returns accepted"
"No se aceptan devoluciones","Returns not accepted"
"Comprador","Buyer"
"Vendedor","Seller"
"Económico","Economy"
"Correos: cartas ordinarias","Mail: ordinary letters"
"Correos: cartas certificadas","Mail: certified letters"
"Correos: Paquete Azul","Mail: Paquete Azul"
"Otros (ver descripción)","Other (see description)"
"Envío urgente desde el exterior","Express delivery from abroad"
"EMS Postal Exprés internacional","International Express Service EMS"
"Envío internacional urgente","Express international delivery"
"Estándar","Standard"
"Correos: cartas certificadas urgentes","Mail: express certified letters"
"Correos: Postal 48/72","Mail: 48/72 courier"
"Correos: Postal Exprés","Mail: Postal Exprés"
"Nacex: Pluspack/Plusbag","Nacex: Pluspack/Plusbag"
"Otro courier 48 horas","Other 48-hour courier"
"Express","Express"
"Correos: Chronoexprés","Mail: Chronoexprés"
"Nacex: Siguiente dia laborable","Nacex: next working day"
"Otro courier 24 horas","Other 24-hour courier"
"Ninguno","None"
"Cartas internacionales hasta 20 gr","International letters up to 20g"
"Cartas internacionales de mas de 20 gr","International letters over 20g"
"Otros servicios","Other services"
"Cartas nacionales hasta 20 gr","National letters up to 20g"
"Cartas y tarjetas postales internacionales","International postcards"
"Envío desde el extranjero con seguimiento","Tracked delivery from abroad"
"Envío económico desde el extranjero","Economy delivery from abroad"
"Envío estándar a las islas Canarias","Standard delivery to the Canary Islands"
"Envío estándar a Ceuta/Melilla","Standard delivery to the Ceuta/Melilla"
"Envío estándar desde el extranjero","Standard delivery from abroad"
"Envío internacional económico","Economy international delivery"
"Envío internacional estándar","Standard international delivery"
"Envío urgente desde el extranjero","Express delivery from abroad"
"Paquete internacional económico","Economy international parcel"
"Paquete internacional prioritario","Priority international parcel"
"Paquete Internacional Económico","Economy international parcel"
"Seur Classic","Seur Classic"
"Otros servicios","Other services"
"Recogida local","Local collection"
"Puntos de entrega","Delivery points"
"Entrega a un punto Kiala (hasta 8 kg)","Delivery to a Kiala point (up to 8kgs)"
"Entrega en NACEX.shop","Delivery to NACEX.shop"
"Servicios promocionales","Promotional services"
"A todo el mundo","Worldwide"
"América","America"
"Asia","Asia"
"Canadá","Canada"
"Alemania","Germany"
"Europa","Europe"
"Unión Europea","European Union"
"Francia","France"
"Reino Unido","United Kingdom"
"No hay ninguna ubicación","No location"
"Estados Unidos","United States"
"África","Africa"
"Asia","Asia"
"América Central y el Caribe","Central America and Caribbean"
"Europa","Europe"
"Norteamérica","North America"
"Oceanía","Oceania"
"Sudamérica","South America"
"Oriente Medio","Middle East"
"Sudeste asiático","Southeast Asia"
"Apartado postal","PO box"
"Angola","Angola"
"Argelia","Algeria"
"Benín","Benin"
"Botsuana","Botswana"
"Burkina Faso","Burkina Faso"
"Burundi","Burundi"
"Cabo Verde","Cape Verde"
"Camerún","Cameroon"
"Chad","Chad"
"Comoros","Comoros"
"Congo","Congo, Republic of the"
"Costa de Marfil","Ivory Coast"
"Egipto","Egypt"
"Eritrea","Eritrea"
"Etiopía","Ethiopia"
"Gabón","Gabon"
"Gambia","Gambia"
"Ghana","Ghana"
"Guinea","Guinea"
"Guinea Ecuatorial","Equatorial Guinea"
"Guinea-Bissau","Guinea-Bissau"
"Kenia","Kenya"
"Lesotho","Lesotho"
"Liberia","Liberia"
"Libya","Libya"
"Madagascar","Madagascar"
"Malaui","Malawi"
"Mali","Mali"
"Marruecos","Morocco"
"Mauricio","Mauritius"
"Mauritania","Mauritania"
"Mayotte","Mayotte"
"Mozambique","Mozambique"
"Namibia","Namibia"
"Niger","Niger"
"Nigeria","Nigeria"
"República Centroafricana","Central African Republic"
"República Democrática del Congo","Congo, Democratic Republic of the"
"Reunion","Reunion"
"Ruanda","Rwanda"
"Santa Elena","Saint Helena"
"Senegal","Senegal"
"Seychelles","Seychelles"
"Sierra Leona","Sierra Leone"
"Somalia","Somalia"
"Suazilandia","Swaziland"
"Sudáfrica","South Africa"
"Sáhara Occidental","Western Sahara"
"Tanzania","Tanzania"
"Togo","Togo"
"Túnez","Tunisia"
"Uganda","Uganda"
"Yibuti","Djibouti"
"Zambia","Zambia"
"Zimbabue","Zimbabwe"
"Afganistán","Afghanistan"
"Armenia","Armenia"
"Azerbaiyán","Azerbaijan"
"Bangladesh","Bangladesh"
"Bután","Bhutan"
"China","China"
"Corea del Sur","South Korea"
"Georgia","Georgia"
"India","India"
"Japón","Japan"
"Kazajistán","Kazakhstan"
"Kirguizistán","Kyrgyzstan"
"Maldivas","Maldives"
"Mongolia","Mongolia"
"Nepal","Nepal"
"Pakistán","Pakistan"
"Rusia","Russia"
"Sri Lanka","Sri Lanka"
"Tajikistán","Tajikistan"
"Turkmenistán","Turkmenistan"
"Uzbekistán","Uzbekistan"
"Anguila","Anguilla"
"Antigua y Barbuda","Antigua and Barbuda"
"Antillas Neerlandesas","Netherlands Antilles"
"Aruba","Aruba"
"Bahamas","Bahamas"
"Barbados","Barbados"
"Belice","Belize"
"Costa Rica","Costa Rica"
"Dominica","Dominica"
"El Salvador","El Salvador"
"Granada","Grenada"
"Guadalupe","Guadeloupe"
"Guatemala","Guatemala"
"Haití","Haiti"
"Honduras","Honduras"
"Islas Caimán","Cayman Islands"
"Islas Turcas y Caicos","Turks and Caicos"
"Islas Vírgenes Americanas","US Virgin Islands"
"Islas Vírgenes Británicas","British Virgin Islands"
"Jamaica","Jamaica"
"Martinica","Martinique"
"Montserrat","Montserrat"
"Nicaragua","Nicaragua"
"Panamá","Panama"
"Puerto Rico","Puerto Rico"
"República Dominicana","Dominican Republic"
"San Cristóbal y Nieves","Saint Kitts and Nevis"
"San Vicente y las Granadinas","Saint Vincent and the Grenadines"
"Santa Lucía","Saint Lucia"
"Trinidad y Tobago","Trinidad and Tobago"
"Albania","Albania"
"Alemania","Germany"
"Andorra","Andorra"
"Austria","Austria"
"Bielorrusia","Belarus"
"Bosnia y Hercegovina","Bosnia and Herzegovina"
"Bulgaria","Bulgaria"
"Bélgica","Belgium"
"Chequia","Czech Republic"
"Chipre","Cyprus"
"Croacia","Croatia"
"Dinamarca","Denmark"
"El Vaticano","Vatican City"
"Eslovaquia","Slovakia"
"Eslovenia","Slovenia"
"Estonia","Estonia"
"Finlandia","Finland"
"Francia","France"
"Gibraltar","Gibraltar"
"Grecia","Greece"
"Guernsey","Guernsey"
"Hungría","Hungary"
"Irlanda","Ireland"
"Islandia","Iceland"
"Italia","Italy"
"Jersey","Jersey"
"Letonia","Latvia"
"Liechtenstein","Liechtenstein"
"Lituania","Lithuania"
"Luxemburgo","Luxembourg"
"Macedonia","Macedonia"
"Malta","Malta"
"Moldavia","Moldova"
"Montenegro","Montenegro"
"Mónaco","Monaco"
"Noruega","Norway"
"Países Bajos","Netherlands"
"Polonia","Poland"
"Portugal","Portugal"
"Reino Unido","United Kingdom"
"Rumania","Romania"
"San Marino","San Marino"
"Serbia","Serbia"
"Suecia","Sweden"
"Suiza","Switzerland"
"Svalbard and Jan Mayen","Svalbard and Jan Mayen"
"Ucrania","Ukraine"
"Arabia Saudí","Saudi Arabia"
"Bahráin","Bahrain"
"Emiratos Árabes Unidos","United Arab Emirates"
"Iraq","Iraq"
"Israel","Israel"
"Jordania","Jordan"
"Kuwait","Kuwait"
"Líbano","Lebanon"
"Omán","Oman"
"Qatar","Qatar"
"Turquía","Turkey"
"Yemen","Yemen"
"Bermudas","Bermuda"
"Canadá","Canada"
"Estados Unidos","United States"
"Groenlandia","Greenland"
"México","Mexico"
"San Pedro y Miguelón","Saint Pierre and Miquelon"
"Australia","Australia"
"Fiyi","Fiji"
"Guam","Guam"
"Islas Cook","Cook Islands"
"Islas Marshall","Marshall Islands"
"Islas Salomón","Salomon Islands"
"Kiribati","Kiribati"
"Micronesia","Micronesia"
"Nauru","Nauru"
"Niue","Niue"
"Nueva Caledonia","New Caledonia"
"Nueva Zelanda","New Zealand"
"Palaos","Palau"
"Papúa Nueva Guinea","Papua New Guinea"
"Polinesia Francesa","French Polynesia"
"Samoa (oeste)","Western Samoa"
"Samoa americana","American Samoa"
"Tonga","Tonga"
"Tuvalu","Tuvalu"
"Vanuatu","Vanuatu"
"Wallis y Futuna","Wallis and Futuna"
"Brunéi","Brunei"
"Camboya","Cambodia"
"Filipinas","Philippines"
"Hong Kong","Hong Kong"
"Indonesia","Indonesia"
"Laos","Laos"
"Macao","Macau"
"Malasia","Malaysia"
"Singapur","Singapore"
"Tailandia","Thailand"
"Taiwán","Taiwan"
"Vietnam","Vietnam"
"Argentina","Argentina"
"Bolivia","Bolivia"
"Brasil","Brazil"
"Chile","Chile"
"Colombia","Colombia"
"Ecuador","Ecuador"
"Guayana Francesa","French Guiana"
"Guyana","Guyana"
"Islas Malvinas","Falkland Islands"
"Paraguay","Paraguay"
"Perú","Peru"
"Surinam","Suriname"
"Uruguay","Uruguay"
"Venezuela","Venezuela"
"Mandat/Chèque de banque","Postal order/cheque"
"Chèque personnel","Personal cheque"
"Visa ou MasterCard","Visa or MasterCard"
"American Express","American Express"
"Contre remboursement","Cash on delivery"
"Autre - Voir la description de l'objet","Other - See the subject description"
"Virement bancaire","Bank transfer"
"PayPal","PayPal"
"Virement bancaire accepté","Bank transfer accepted"
"14 jours","14 days"
"30 jours","30 days"
"60 jours","60 days"
"Retours acceptés","Returns accepted"
"Retours refusés","Returns refused"
"Acheteur","Buyer"
"Vendeur","Seller"
"Autres","Others"
"Autre livraison internationale standard","Other standard international delivery"
"Autre livraison internationale économique","Other economy international delivery"
"Contre remboursement","Cash on delivery"
"La Poste - Courrier International Prioritaire","La Poste - International Priority Mail"
"La Poste - Courrier International Economique","La Poste - International Economy Mail"
"La Poste - Colissimo International","La Poste - Colissimo International"
"La Poste - Colissimo Emballage International","La Poste - Colissimo Package International"
"La Poste - Colis Economique International","La Poste - International Economy Package"
"Livraison économique à partir de l'étranger","Economy Delivery from Abroad"
"Livraison standard à partir de l'étranger","Standard Delivery from Abroad"
"Livraison express à partir de l'étranger","Express Delivery from Abroad"
"Livraison à partir de l'étranger avec suivi de commande","Delivery from Abroad with Tracking"
"Livraison dans les DOM-TOM","Delivery in the FRENCH OVERSEAS DEPARTMENTS AND TERRITORIES"
"UPS Standard","UPS Standard"
"Economique","Economy"
"Autre mode d'envoi","Other shipment method"
"Lettre avec suivi","Letter with tracking"
"Lettre Max","Max Letter"
"Lettre verte/Ecopli","Green letter/Ecopli"
"Express","Express"
"Autre livraison en 24 h","Other delivery in 24 hrs."
"Chronopost","Chronopost"
"Chronopost Express International","Chronopost Express International"
"Express Shipping from outside","Express Shipping from outside"
"Autre livraison internationale express","Other express international delivery"
"Chronopost Classic International","Chronopost Classic International"
"DHL","DHL"
"UPS Express","UPS Express"
"Local Pickup","Local Pickup"
"Remise en mains propres","Hand delivery"
"None","None"
"Chrono 10","Chrono 10"
"Chrono 18","Chrono 18"
"Point Relais","Reception Centre"
"Chronopost - Chrono Relais","Chronopost - Chrono Reception"
"Livraison en Relais Mondial Relay","Reception Centre Delivery Global Relay"
"Livraison en Relais Kiala","Kiala Reception Centre Delivery"
"Promotional Services","Promotional Services"
"Standard","Standard"
"Autre livraison en 48 h","Other delivery in 48 hrs."
"Colissimo","Colissimo"
"Colissimo Recommandé","Registered Colissimo"
"Lettre prioritaire","Priority mail"
"Lettre recommandée","Registered mail"
"Monde entier","Worldwide"
"Australie","Australia"
"Amérique","America"
"Asie","Asia"
"Belgique","Belgium"
"Canada","Canada"
"Allemagne","Germany"
"Europe","Europe"
"Union européenne","European Union"
"Royaume-Uni","United Kingdom"
"Japon","Japan"
"Aucun lieu","No location"
"États-Unis","United States"
"Afrique","Africa"
"Asie","Asia"
"Amérique Centrale et Caraïbes","Central America and the Caribbean"
"Europe","Europe"
"Amérique du Nord","North America"
"Océanie","Oceania"
"Amérique du Sud","South America"
"Moyen-Orient","Middle East"
"Asie du Sud-Est","Southeast Asia"
"Boîte postale","Post Office Box"
"Afrique du Sud","Africa"
"Algérie","Algeria"
"Angola","Angola"
"Botswana","Botswana"
"Burkina Faso","Burkina Faso"
"Burundi","Burundi"
"Bénin","Benin"
"Cameroun","Cameroon"
"Comores","Comoros"
"Congo","Congo"
"Congo, République démocratique du","Congo, Democratic Republic of the"
"Côte d'Ivoire","Ivory Coast"
"Djibouti","Djibouti"
"Gabon","Gabon"
"Gambie","Gambia"
"Ghana","Ghana"
"Guinée","Guinea"
"Guinée Equatoriale","Equatorial Guinea"
"Guinée-Bissau","Guinea-Bissau"
"Kenya","Kenya"
"Lesotho","Lesotho"
"Liberia","Liberia"
"Libya","Libya"
"Madagascar","Madagascar"
"Malawi","Malawi"
"Mali","Mali"
"Maroc","Morocco"
"Maurice (île)","Mauritius"
"Mauritanie","Mauritania"
"Mayotte","Mayotte"
"Mozambique","Mozambique"
"Namibie","Namibia"
"Niger","Niger"
"Nigeria","Nigeria"
"Ouganda","Uganda"
"Rwanda","Rwanda"
"République centrafricaine","Central African Republic"
"Réunion","Reunion"
"Sahara-Occidental","Western Sahara"
"Sainte Hélène","Saint Helena"
"Seychelles","Seychelles"
"Sierra Leone","Sierra Leone"
"Somalie","Somalia"
"Souaziland","Swaziland"
"Sénégal","Senegal"
"Tanzanie","Tanzania"
"Tchad","Chad"
"Togo","Togo"
"Tunisie","Tunisia"
"Zambie","Zambia"
"Zimbabwe","Zimbabwe"
"Égypte","Egypt"
"Érythrée","Eritrea"
"Éthiopie","Ethiopia"
"Îles du Cap Vert","Cape Verde Islands"
"Afghanistan","Afghanistan"
"Arménie","Armenia"
"Bangladesh","Bangladesh"
"Bhoutan","Bhutan"
"Chine","China"
"Corée du Sud","South Korea"
"Géorgie","Georgia"
"Inde","India"
"Japon","Japan"
"Kazakhstan","Kazakhstan"
"Kirgizistan","Kyrgyzstan"
"Maldives (îles)","Maldives"
"Mongolie","Mongolia"
"Népal","Nepal"
"Ouzbékistan","Uzbekistan"
"Pakistan","Pakistan"
"République d'Azerbaïdjan","Azerbaijan"
"Sri Lanka","Sri Lanka"
"Tajikistan","Tajikistan"
"Turkménistan","Turkmenistan"
"Russie","Russia"
"Russie","Russia"
"Albanie","Albania"
"Allemagne","Germany"
"Andorre","Andorra"
"Autriche","Austria"
"Belgique","Belgium"
"Biélorussie","Belarus"
"Bosnie-Herzégovine","Bosnia-Herzegovina"
"Bulgarie","Bulgaria"
"Chypre","Cyprus"
"Croatie","Croatia"
"Danemark","Denmark"
"Espagne","Spain"
"Estonie","Estonia"
"Finlande","Finland"
"Gibraltar","Gibraltar"
"Grèce","Greece"
"Guernesey","Guernsey"
"Hongrie","Hungary"
"Irlande (Eire)","Ireland"
"Islande","Iceland"
"Italie","Italy"
"Jersey","Jersey"
"Lettonie","Latvia"
"Liechtenstein","Liechtenstein"
"Lituanie","Lithuania"
"Luxembourg","Luxembourg"
"Macédoine","Macedonia"
"Malte","Malta"
"Moldavie","Moldavia"
"Monaco","Monaco"
"Monténégro","Montenegro"
"Norvège","Norway"
"Pays-Bas","Netherlands"
"Pologne","Poland"
"Portugal","Portugal"
"Roumanie","Romania"
"Royaume-Uni","United Kingdom"
"République tchèque","Czech Republic"
"Saint Marin","San Marino"
"Serbie","Serbia"
"Slovaquie","Slovakia"
"Slovénie","Slovenia"
"Suisse","Switzerland"
"Suède","Sweden"
"Svalbard and Jan Mayen","Svalbard and Jan Mayen Island"
"Ukraine","Ukraine"
"Vatican","Vatican"
"Anguilla","Anguilla"
"Antigua-et-Barbuda","Antigua and Barbuda"
"Antilles néerlandaises","Netherland Antilles"
"Aruba","Aruba"
"Bahamas","Bahamas"
"Barbade (la)","Barbados"
"Belize","Belize"
"Costa Rica","Costa Rica"
"Dominique","Dominica"
"Grenade","Grenade"
"Guadeloupe","Guadeloupe"
"Guatemala","Guatemala"
"Haïti","Haiti"
"Honduras","Honduras"
"Jamaïque","Jamaica"
"Martinique","Martinique"
"Montserrat","Montserrat"
"Nicaragua","Nicaragua"
"Panama","Panama"
"Porto Rico","Puerto Rico"
"République dominicaine","Dominican Republic"
"Saint Kitts-Nevis","Saint Kitts and Nevis"
"Saint Vincent et Grenadines","Saint Vincent and the Grenadines"
"Sainte Lucie","Saint Lucia"
"Salvador","El Salvador"
"Trinité-et-Tobago","Trinidad and Tobago"
"Îles Cayman","Cayman Islands"
"Îles Turques et Caïques","Turks and Caicos Islands"
"Îles Vierges américaines","U.S. Virgin Islands"
"Îles Vierges britanniques","British Virgin Islands"
"Arabie Saoudite","Saudi Arabia"
"Bahreïn","Bahrain"
"Iraq","Iraq"
"Israël","Israel"
"Jordanie","Jordan"
"Koweït","Kuwait"
"Liban","Lebanon"
"Oman","Oman"
"Qatar","Qatar"
"Turquie","Turkey"
"Yémen","Yemen"
"Émirats arabes unis","United Arab Emirates"
"Bermudes","Bermuda"
"Canada","Canada"
"Groenland","Greenland"
"Mexique","Mexico"
"Saint Pierre et Miquelon","Saint Pierre and Miquelon"
"États-Unis","United States"
"Australie","Australia"
"Fidji","Fiji"
"Guam","Guam"
"Kiribati","Kiribati"
"Micronesia","Micronesia"
"Nauru","Nauru"
"Niue","Niue"
"Nouvelle Calédonie","New Caledonia"
"Nouvelle Zélande","New Zealand"
"Palau","Palau"
"Papouasie Nouvelle-Guinée","Papua New Guinea"
"Polynésie française","French Polynesia"
"Samoa américaines","American Samoa"
"Samoa occidentales","Independent State of Samoa"
"Tonga","Tonga"
"Tuvalu","Tuvalu"
"Vanuatu","Vanuatu"
"Wallis et Futuna","Wallis and Futuna"
"Îles Cook","Cook Islands"
"Îles Marshall","Marshall Islands"
"Îles Salomon","Solomon Islands"
"Brunei","Brunei"
"Cambodge","Cambodia"
"Hong Kong","Hong Kong"
"Indonésie","Indonesia"
"Laos","Laos"
"Macao","Macau"
"Malaisie","Malaysia"
"Philippines","Philippines"
"Singapour","Singapore"
"Taiwan","Taiwan"
"Thailande","Thailand"
"Vietnam","Vietnam"
"Argentine","Argentina"
"Bolivie","Bolivia"
"Brésil","Brazil"
"Chili","Chile"
"Colombie","Colombia"
"Guyane","Guyana"
"Guyane","Guyana"
"Paraguay","Paraguay"
"Pérou","Peru"
"Suriname","Suriname"
"Uruguay","Uruguay"
"Vénézuela","Venezuela"
"Équateur","Ecuador"
"Îles Falkland (Îles Malvinas)","Falkland Islands"
"Contrassegno","Cash on delivery"
"Altro - Vedi la descrizione dell'oggetto","Other - See item description"
"Infobonifico","Infobonifico"
"PayPal","PayPal"
"Bonifico bancario accettato","Bank transfer accepted"
"14 giorni","14 days"
"30 giorni","30 days"
"60 giorni","60 days"
"Restituzione accettata","Returns accepted"
"Restituzione non accettata","Returns not accepted"
"Acquirente","Buyer"
"Venditore","Seller"
"Altri Servizi","Other services"
"DHL Express International","DHL Express International"
"Spedizione internazionale economica","Economy international delivery"
"Spedizione economica dall’estero","Economy delivery from abroad"
"Spedizione standard dall’estero","Standard delivery from abroad"
"Spedizione espressa dall’estero","Express delivery from abroad"
"Spedizione tracciata dall’estero","Tracked delivery from abroad"
"Economica","Economy"
"Altro corriere 3-5 giorni","Other courier 3-5 days"
"Pacco Ordinario Estero","Standard foreign package"
"Pacco ordinario","Standard package"
"Posta assicurata","Insured mail"
"Posta Prioritaria Internazionale","International priority mail"
"Posta prioritaria","Priority mail"
"Posta raccomandata","Registered mail"
"Espressa","Express"
"Altro corriere 24hr","Other 24-hour courier"
"DHL Express","DHL Express"
"Paccocelere Internazionale","Paccocelere International"
"Posta Celere / Paccocelere 1","Posta Celere / Paccocelere 1"
"Expedited Services","Expedited Services"
"Spedizione internazionale espressa","Express international delivery"
"Local pickup","Local pickup"
"Ritiro in zona","Local collection"
"None","None"
"Promotional Services","Promotional Services"
"Standard","Standard"
"Altro corriere 48hr","Other 48-hour courier"
"Express Mail Service","Express Mail Service"
"IoInvio","IoInvio courier"
"Paccocelere 3","Paccocelere 3"
"Posta Assicurata Internazionale","International insured mail"
"Posta Raccomandata Internazionale","International registered mail"
"Spedizione internazionale standard","Standard international delivery"
"Tutto il mondo","Worldwide"
"Australia","Australia"
"America","America"
"Asia","Asia"
"Canada","Canada"
"Germania","Germany"
"Europa","Europe"
"Unione europea","European Union"
"Francia","France"
"Regno Unito","United Kingdom"
"Giappone","Japan"
"Luogo non specificato","Unspecified"
"Stati Uniti","United States"
"Africa","Africa"
"Asia","Asia"
"America centrale e Caraibi","Central America and Caribbean"
"Europa","Europe"
"Nord America","North America"
"Oceania","Oceania"
"Sud America","South America"
"Medio oriente","Middle East"
"Asia sud-orientale","Southeast Asia"
"PO Box","PO Box"
"Algeria","Algeria"
"Angola","Angola"
"Benin","Benin"
"Botswana","Botswana"
"Burkina Faso","Burkina Faso"
"Burundi","Burundi"
"Camerun","Cameroon"
"Ciad","Chad"
"Comoros","Comoros"
"Congo, Repubblica","Congo, Republic of the"
"Congo, Repubblica Democratica","Congo, Democratic Republic of the"
"Costa d'Avorio","Ivory Coast"
"Egitto","Egypt"
"Eritrea","Eritrea"
"Etiopia","Ethiopia"
"Gambia","Gambia"
"Ghana","Ghana"
"Gibuti","Djibouti"
"Guinea","Guinea"
"Guinea Equatoriale","Equatorial Guinea"
"Guinea-Bissau","Guinea-Bissau"
"Isole di Capo Verde","Cape Verde"
"Kenya","Kenya"
"Lesotho","Lesotho"
"Liberia","Liberia"
"Libya","Libya"
"Madagascar","Madagascar"
"Malawi","Malawi"
"Mali","Mali"
"Marocco","Morocco"
"Mauritania","Mauritania"
"Mauritius","Mauritius"
"Mayotte","Mayotte"
"Mozambico","Mozambique"
"Namibia","Namibia"
"Niger","Niger"
"Nigeria","Nigeria"
"Repubblica Centrafricana","Central African Republic"
"Repubblica di Gabon","Gabonese Republic"
"Reunion","Reunion"
"Ruanda","Rwanda"
"Sahara Occidentale","Western Sahara"
"Senegal","Senegal"
"Seychelles","Seychelles"
"Sierra Leone","Sierra Leone"
"Somalia","Somalia"
"St. Elena","Saint Helena"
"Sudafrica","South Africa"
"Swaziland","Swaziland"
"Tanzania","Tanzania"
"Togo","Togo"
"Tunisia","Tunisia"
"Uganda","Uganda"
"Zambia","Zambia"
"Zimbabwe","Zimbabwe"
"Afghanistan","Afghanistan"
"Armenia","Armenia"
"Bangladesh","Bangladesh"
"Bhutan","Bhutan"
"Cina","China"
"Corea del Sud","South Korea"
"Federazione Russa","Russian Federation"
"Georgia","Georgia"
"Giappone","Japan"
"India","India"
"Kazakistan","Kazakhstan"
"Kyrgyzstan","Kyrgyzstan"
"Maldive","Maldives"
"Mongolia","Mongolia"
"Nepal","Nepal"
"Pakistan","Pakistan"
"Repubblica dell'Azerbaijan","Azerbaijan, Republic of"
"Sri Lanka","Sri Lanka"
"Tajikistan","Tajikistan"
"Turkmenistan","Turkmenistan"
"Uzbekistan","Uzbekistan"
"Anguilla","Anguilla"
"Antigua e Barbuda","Antigua and Barbuda"
"Antille Olandesi","Netherlands Antilles"
"Aruba","Aruba"
"Bahamas","Bahamas"
"Barbados","Barbados"
"Belize","Belize"
"Costa Rica","Costa Rica"
"Dominica","Dominica"
"El Salvador","El Salvador"
"Giamaica","Jamaica"
"Grenada","Grenada"
"Guadalupe","Guadeloupe"
"Guatemala","Guatemala"
"Haiti","Haiti"
"Honduras","Honduras"
"Isole Cayman","Cayman Islands"
"Isole Turks e Caicos","Turks and Caicos"
"Isole Vergini (U.S.A.)","US Virgin Islands"
"Isole Vergini Britanniche","British Virgin Islands"
"Martinica","Martinique"
"Montserrat","Montserrat"
"Nicaragua","Nicaragua"
"Panama","Panama"
"Porto Rico","Puerto Rico"
"Repubblica Dominicana","Dominican Republic"
"San Vincenzo e Grenadine","Saint Vincent and the Grenadines"
"Santa Lucia","Saint Lucia"
"St. Kitts-Nevis","Saint Kitts and Nevis"
"Trinidad e Tobago","Trinidad and Tobago"
"Albania","Albania"
"Andorra","Andorra"
"Austria","Austria"
"Belgio","Belgium"
"Bielorussia","Belarus"
"Bosnia e Erzegovina","Bosnia and Herzegovina"
"Bulgaria","Bulgaria"
"Cipro","Cyprus"
"Città del Vaticano","Vatican City"
"Croazia, Repubblica","Croatia, Republic of"
"Danimarca","Denmark"
"Estonia","Estonia"
"Finlandia","Finland"
"Francia","France"
"Germania","Germany"
"Gibilterra","Gibraltar"
"Grecia","Greece"
"Guernsey","Guernsey"
"Irlanda","Ireland"
"Islanda","Iceland"
"Jersey","Jersey"
"Lettonia","Latvia"
"Liechtenstein","Liechtenstein"
"Lituania","Lithuania"
"Lussemburgo","Luxembourg"
"Macedonia","Macedonia"
"Malta","Malta"
"Moldova ","Moldova "
"Monaco","Monaco"
"Montenegro","Montenegro"
"Norvegia","Norway"
"Paesi Bassi","Netherlands"
"Polonia","Poland"
"Portogallo","Portugal"
"Regno Unito","United Kingdom"
"Repubblica Ceca","Czech Republic"
"Romania","Romania"
"San Marino","San Marino"
"Serbia","Serbia"
"Slovacchia","Slovakia"
"Slovenia","Slovenia"
"Spagna","Spain"
"Svalbard and Jan Mayen","Svalbard and Jan Mayen"
"Svezia","Sweden"
"Svizzera","Switzerland"
"Ucraina","Ukraine"
"Ungheria","Hungary"
"Arabia Saudita","Saudi Arabia"
"Bahrein","Bahrain"
"Emirati Arabi Uniti","United Arab Emirates"
"Giordania","Jordan"
"Iraq","Iraq"
"Israele","Israel"
"Kuwait","Kuwait"
"Libano","Lebanon"
"Oman","Oman"
"Qatar","Qatar"
"Turchia","Turkey"
"Yemen","Yemen"
"Bermuda","Bermuda"
"Canada","Canada"
"Groenlandia","Greenland"
"Messico","Mexico"
"St. Pierre e Miquelon","Saint Pierre and Miquelon"
"Stati Uniti","United States"
"Australia","Australia"
"Figi","Fiji"
"Guam","Guam"
"Isole Cook","Cook Islands"
"Isole Marshall","Marshall Islands"
"Isole Salomone","Salomon Islands"
"Kiribati","Kiribati"
"Micronesia","Micronesia"
"Nauru","Nauru"
"Niue","Niue"
"Nuova Caledonia","New Caledonia"
"Nuova Zelanda","New Zealand"
"Palau","Palau"
"Papuasia Nuova Guinea","Papua New Guinea"
"Polinesia Francese","French Polynesia"
"Samoa Americane","American Samoa"
"Samoa Occidentale","Western Samoa"
"Tonga","Tonga"
"Tuvalu","Tuvalu"
"Vanuatu","Vanuatu"
"Wallis e Futuna","Wallis and Futuna"
"Brunei Darussalam","Brunei"
"Cambogia","Cambodia"
"Filippine","Philippines"
"Hong Kong","Hong Kong"
"Indonesia","Indonesia"
"Laos","Laos"
"Macao","Macau"
"Malesia","Malaysia"
"Singapore","Singapore"
"Tailandia","Thailand"
"Taiwan","Taiwan"
"Vietnam","Vietnam"
"Argentina","Argentina"
"Bolivia","Bolivia"
"Brasile","Brazil"
"Cile","Chile"
"Colombia","Colombia"
"Ecuador","Ecuador"
"Guyana","Guyana"
"Guyana Francese","French Guiana"
"Isole Falkland (Islas Malvinas)","Falkland Islands (Islas Malvinas)"
"Paraguay","Paraguay"
"Perù","Peru"
"Suriname","Suriname"
"Uruguay","Uruguay"
"Venezuela","Venezuela"
"Cheque personal","Personal cheque"
"Visa o Master Card","Visa or MasterCard"
"American Express","American Express"
"Nachnahme","Cash on delivery"
"Sonstige / siehe Artikelbeschreibung","Other / See item description"
"Überweisung","Bank transfer"
"PayPal","PayPal"
"Kreditkarte akzeptiert","Credit card accepted"
"Barzahlung bei Abholung akzeptiert","Cash payment on collection accepted"
"14 Tage","14 days"
"1 Monat","1 month"
"Verbraucher haben das Recht, den Artikel unter den angegebenen Bedingungen zurückzugeben.","Consumers have the right to return the item under the specified conditions."
"Der Artikel kann nicht zurückgegeben werden","Item cannot be returned."
"Widerrufsrecht: Verkäufer trägt die Rücksendekosten","Right of withdrawal: Seller pays return shipping"
"Widerrufsrecht: Käufer trägt die Rücksendekosten, wenn der Artikelpreis 40 Euro nicht übersteigt","Right of withdrawal: Buyer pays return shipping if item price does not exceed 40 Euro"
"Rückgaberecht: Verkäufer trägt die Rücksendekosten","Right of return: Seller pays return shipping"
"Expressversandoptionen","Express shipping options"
"DPD Express","DPD Express"
"Express Int'l Versand","Express International Shipping"
"GLS Paket","GLS Package"
"Sonstige 1 Werktag","Other 1 Business day"
"UPS Express","UPS Express"
"None","None"
"Deutsche Post Brief","Deutsche Post Letter"
"Deutsche Post Presse und Bücher Economy","Deutsche Post Magazines and Books Economy"
"Deutsche Post Presse und Bücher Priority","Deutsche Post Magazines and Books Priority"
"DHL Express Paket International","DHL Express Package International"
"DHL Päckchen International","DHL Small Package International"
"DHL Paket International","DHL Package International"
"Hermes Paket International","Hermes Package International"
"Promotional Versand","Promotional shipping"
"Sparversandoptionen","Economy shipping options"
"Deutsche Post Bücher-/Warensendung","Deutsche Post Books/Goods Shipping"
"Economy Int'l Versand","Economy Int'l Shipping"
"Standardversandoptionen","Standard shipping options"
"Deutsche Post Brief","Deutsche Post Letter"
"DHL Päckchen","DHL Small Package"
"DHL Paket","DHL Package"
"DPD Classic","DPD Classic"
"eBay Hermes Paket Shop2Shop (Abgabe und Zustellung im PaketShop)","eBay Hermes Package Shop2Shop (Drop-off and delivery in PaketShop)"
"eBay Hermes Paket Sperrgut Shop2Shop (Abgabe und Zustellung im Paketshop)","eBay Hermes Package Bulky Goods Shop2Shop (Drop-off and delivery in PaketShop)"
"Einschreiben","Registered mail"
"Hermes Päckchen","Hermes Small Package"
"Hermes Paket","Hermes Package"
"Hermes Paket Sperrgut","Hermes Package Bulky Goods"
"iloxx Transport","iloxx Transport"
"Nachnahme","Cash on delivery"
"Paketversand","Package Shipping"
"Sonder-/Speditionsversand","Special/Shipping services"
"Sonstige 1-2 Werktage","Other 1-2 Business day"
"Standard Int'l Versand","Standard Int'l Shipping"
"UPS Standard","UPS Standard"
"Versandoptionen aus dem Ausland","Shipping options from abroad"
"Expressversand aus dem Ausland","Express shipping from abroad"
"FedEx International Economy","FedEx International Economy"
"Sparversand aus dem Ausland","Economy shipping from abroad"
"Standardversand aus dem Ausland","Standard shipping from abroad"
"TNT International Express","TNT International Express"
"Versand mit Nachverfolgung aus dem Ausland","Tracked shipping from abroad"
"Versandoptionen aus dem Ausland","Shipping options from abroad"
"Selbstabholung","Pick-up by customer"
"Weltweit","Worldwide"
"Österreich","Austria"
"Australien","Australia"
"Nord- und Südamerika","North and South America"
"Asien","Asia"
"Kanada","Canada"
"Schweiz","Switzerland"
"Europa","Europe"
"Europäische Union","European Union"
"Japan","Japan"
"Kein Land","None"
"Vereinigte Staaten von Amerika","United States of America"
"Afrika","Africa"
"Asien","Asia"
"Mittelamerika und Karibik","Central America and Caribbean"
"Europa","Europe"
"Nordamerika","North America"
"Ozeanien","Oceania"
"Südamerika","South America"
"Naher Osten","Middle East"
"Südostasien","Southeast Asia"
"Ostfriesische Inseln","East Frisian Islands"
"Nordfriesische Inseln","North Frisian Islands"
"Hiddensee","Hiddensee"
"Postfach","P.O. Box"
"Packstation","Parcel deposit and pick-up station"
"Algerien","Algeria"
"Angola","Angola"
"Benin","Benin"
"Botswana","Botswana"
"Burkina Faso","Burkina Faso"
"Burundi","Burundi"
"Demokratische Republik Kongo","Kongo, Democratic Republic of the"
"Dschibuti","Djibouti"
"Elfenbeinküste","Ivory Coast (Côte d’Ivoire)"
"Eritrea","Eritrea"
"Gabun","Gabon"
"Gambia","Gambia"
"Ghana","Ghana"
"Guinea","Guinea"
"Guinea-Bissau","Guinea-Bissau"
"Kamerun","Cameroon"
"Kapverdische Inseln","Cape Verde Islands"
"Kenia","Kenya"
"Komoren","Comoros"
"Kongo Republik (Brazzaville)","Kongo, Republic of the"
"Lesotho","Lesotho"
"Liberia","Liberia"
"Libya","Libya"
"Madagaskar","Madagascar"
"Malawi","Malawi"
"Mali","Mali"
"Marokko","Morocco"
"Mauretanien","Mauretania"
"Mauritius","Mauritius"
"Mayotte","Mayotte"
"Mosambik","Mozambique"
"Namibia","Namibia"
"Niger","Niger"
"Nigeria","Nigeria"
"Reunion","Reunion"
"Ruanda","Rwanda"
"Saint Helena","Saint Helena"
"Sambia","Zambia"
"Senegal","Senegal"
"Seychellen","Seychelles"
"Sierra Leone","Sierra Leone"
"Somalia","Somalia"
"Swasiland","Swaziland"
"Südafrika","South Africa"
"Tansania","Tanzania"
"Togo","Togo"
"Tschad","Chad"
"Tunesien","Tunisia"
"Uganda","Uganda"
"West-Sahara","Western Sahara"
"Zentralafrikanische Republik","Central African Republic"
"Zimbabwe","Zimbabwe"
"Ägypten","Egypt"
"Äquatorial-Guinea","Equatorial Guinea"
"Äthiopien","Ethiopia"
"Afghanistan","Afghanistan"
"Armenien","Armenia"
"Aserbaidschan","Azerbaijan Republic"
"Bangladesch","Bangladesh"
"Bhutan","Bhutan"
"China","China"
"Georgien","Georgia"
"Indien","India"
"Japan","Japan"
"Kasachstan","Kazakhstan"
"Kirgistan","Kyrgyzstan"
"Malediven","Maldives"
"Mongolei","Mongolia"
"Nepal","Nepal"
"Pakistan","Pakistan"
"Sri Lanka","Sri Lanka"
"Südkorea","South Korea"
"Tadschikistan","Tajikistan"
"Turkmenistan","Turkmenistan"
"Usbekistan","Uzbekistan"
"Russische Föderation","Russian Federation"
"Russische Föderation","Russian Federation"
"Albanien","Albania"
"Andorra","Andorra"
"Belgien","Belgium"
"Bosnien und Herzegowina","Bosnia and Herzegovina"
"Bulgarien","Bulgaria"
"Dänemark","Denmark"
"Estland","Estonia"
"Finnland","Finland"
"Frankreich","France"
"Gibraltar","Gibraltar"
"Griechenland","Greece"
"Großbritannien","Great Britain"
"Guernsey","Guernsey"
"Irland","Ireland"
"Island","Iceland"
"Italien","Italy"
"Jersey","Jersey"
"Kroatien","Croatia"
"Lettland","Latvia"
"Liechtenstein","Liechtenstein"
"Litauen","Lithuania"
"Luxemburg","Luxembourg"
"Malta","Malta"
"Mazedonien","Macedonia"
"Moldawien","Moldova"
"Monaco","Monaco"
"Montenegro","Montenegro"
"Niederlande","Netherlands"
"Norwegen","Norway"
"Polen","Poland"
"Portugal","Portugal"
"Rumänien","Romania"
"San Marino","San Marino"
"Schweden","Sweden"
"Schweiz","Switzerland"
"Serbien","Serbia"
"Slowakei","Slovakia"
"Slowenien","Slovenia"
"Spanien","Spain"
"Svalbard and Jan Mayen","Svalbard and Jan Mayen"
"Tschechische Republik","Czech Republic"
"Ukraine","Ukraine"
"Ungarn","Hungary"
"Vatikanstadt (Heiliger Stuhl)","Vatican City (Holy Sea)"
"Weißrussland","Belarus"
"Zypern","Cyprus"
"Österreich","Austria"
"Amerikanische Jungferninseln","United States Virgin Islands"
"Anguilla","Anguilla"
"Antigua und Barbuda","Antigua and Barbuda"
"Aruba","Aruba"
"Bahamas","Bahamas"
"Barbados","Barbados"
"Belize","Belize"
"Britische Jungferninseln","British Virgin Islands"
"Cayman-Inseln","Cayman Islands"
"Costa Rica","Costa Rica"
"Dominica","Dominica"
"Dominikanische Republik","Dominican Republic"
"El Salvador","El Salvador"
"Grenada","Grenada"
"Guadeloupe","Guadeloupe"
"Guatemala","Guatemala"
"Haiti","Haiti"
"Honduras","Honduras"
"Jamaika","Jamaica"
"Martinique","Martinique"
"Montserrat","Montserrat"
"Niederländische Antillen","Netherlands Antilles"
"Nikaragua","Nicaragua"
"Panama","Panama"
"Puerto Rico","Puerto Rico"
"Saint Kitts-Nevis","Saint Kitts-Nevis"
"Saint Lucia","Saint Lucia"
"Saint Vincent und die Grenadinen","Saint Vincent and the Grenadines"
"Trinidad und Tobago","Trinidad and Tobago"
"Turks und Caicos-Inseln","Turks and Caicos Islands"
"Bahrain","Bahrain"
"Iraq","Iraq"
"Israel","Israel"
"Jemen","Jemen"
"Jordanien","Jordan"
"Katar","Qatar"
"Kuwait","Kuwait"
"Libanon","Lebanon"
"Oman","Oman"
"Saudi Arabien","Saudi Arabia"
"Türkei","Turkey"
"Vereinigte Arabische Emirate","United Arab Emirates"
"Bermuda","Bermuda"
"Grönland","Greenland"
"Kanada","Canada"
"Mexiko","Mexico"
"Saint Pierre und Miquelon","Saint Pierre and Miquelon"
"Vereinigte Staaten von Amerika","United States of America"
"Amerikanisch Samoa","American Samoa"
"Australien","Australia"
"Cook-Inseln","Cook Islands"
"Fidschi-Inseln","Fiji"
"Französisch-Polynesien","French Polynesia"
"Guam","Guam"
"Kiribati","Kiribati"
"Marshall-Inseln","Marshall Islands"
"Mikronesien","Micronesia"
"Nauru","Nauru"
"Neukaledonien","New Caledonia"
"Neuseeland","New Zealand"
"Niue","Niue"
"Palau","Palau"
"Papua-Neuguinea","Papua New Guinea"
"Salomonen (Salomon-Inseln)","Solomon Islands"
"Tonga","Tonga"
"Tuvalu","Tuvalu"
"Vanuatu","Vanuatu"
"Wallis und Futuna-Inseln","Wallis and Futuna Islands"
"West-Samoa","Western Samoa"
"Brunei Darussalam","Brunei Darussalam"
"Hong Kong","Hong Kong"
"Indonesien","Indonesia"
"Kambodscha","Cambodia"
"Laos ","Laos "
"Macau","Macau"
"Malaysia","Malaysia"
"Philippinen","Philippines"
"Singapur","Singapore"
"Taiwan","Taiwan"
"Thailand","Thailand"
"Vietnam","Vietnam"
"Argentinien","Argentina"
"Bolivien","Bolivia"
"Brasilien","Brazil"
"Chile","Chile"
"Ecuador","Ecuador"
"Falklandinseln (Islas Malvinas)","Falkland Islands (Islas Malvinas)"
"Französisch-Guyana","French Guiana"
"Guyana","Guyana"
"Kolumbien","Columbia"
"Paraguay","Paraguay"
"Peru","Peru"
"Surinam","Suriname"
"Uruguay","Uruguay"
"Venezuela","Venezuela"
"Vaglia postale","Money order"
"Assegno","Check"
"Visa o Master Card","Visa or MasterCard"
"American Express","American Express"
